Level 0,Level 1,Level 1 Tags,Level 2,Level 2 Tags,Level 3,Level 3 Tags,Level 4,Level 4 Tags
Products,Electronics and Digital,,General Household,,,,,
Products,Electronics and Digital,,Computer and Laptops,,,,,
Products,Electronics and Digital,,Mobile and Tabs,,,,,
Products,Electronics and Digital,,Cameras,,,,,
Products,Electronics and Digital,,"TV, Audio and Video",,,,,
Products,Electronics and Digital,,Kitchen and Home Appliances,,,,,
Products,Electronics and Digital,,Mobile and Computer Accessories,,,,,
Products,Grocery,,General Stores/Supermarkets,,,,,
Products,Grocery,,Beverages,,,,,
Products,Grocery,,Fruits and Vegetables,,,,,
Products,Grocery,,Dairy,,,,,
Products,Grocery,,Butcher,,Meat,,,
Products,Grocery,,Butcher,,Chicken,,,
Products,Grocery,,Butcher,,Fish,,,
Products,Grocery,,Butcher,,Sea Food,,,
Products,Automobile,,Essentials/Accessories,,Two wheeler,,Tyre Dealer,
Products,Automobile,,Essentials/Accessories,,Two wheeler,,Spare Parts,
Products,Automobile,,Essentials/Accessories,,Two wheeler,,Helmets,
Products,Automobile,,Essentials/Accessories,,Two wheeler,,Electrical,
Products,Automobile,,Essentials/Accessories,,Two wheeler,,Seat Covers,
Products,Automobile,,Essentials/Accessories,,Two wheeler,,Accessories,
Products,Automobile,,Essentials/Accessories,,Four wheeler,,Tyre Dealer,
Products,Automobile,,Essentials/Accessories,,Four wheeler,,Spare Parts,
Products,Automobile,,Essentials/Accessories,,Four wheeler,,Electrical,
Products,Automobile,,Essentials/Accessories,,Four wheeler,,Seat Covers,
Products,Automobile,,Essentials/Accessories,,Four wheeler,,Accessories,
Products,Automobile,,Essentials/Accessories,,,,,
Products,Automobile,,Essentials/Accessories,,Heavy Vehicles,,Tyre Dealer,
Products,Automobile,,Essentials/Accessories,,Heavy Vehicles,,Spare Parts,
Products,Automobile,,Essentials/Accessories,,Heavy Vehicles,,Electrical,
Products,Automobile,,Essentials/Accessories,,Heavy Vehicles,,Seat Covers,
Products,Automobile,,Essentials/Accessories,,Heavy Vehicles,,Accessories,
Products,Automobile,,Essentials/Accessories,,Heavy Vehicles,,,
Products,Automobile,,Dealers,,Car,,Maruti,
Products,Automobile,,Dealers,,Car,,TATA,
Products,Automobile,,Dealers,,Car,,Skoda,
Products,Automobile,,Dealers,,Car,,Mercedes,
Products,Automobile,,Dealers,,Car,,BMW,
Products,Automobile,,Dealers,,Car,,Honda,
Products,Automobile,,Dealers,,Car,,Mahindra,
Products,Automobile,,Dealers,,Bike,,Honda,
Products,Automobile,,Dealers,,Bike,,Mahindra,
Products,Automobile,,Dealers,,Bike,,Royal Enfield,
Products,Automobile,,Dealers,,Bike,,Harley Davidson,
Products,Automobile,,Dealers,,Bike,,Triumph,
Products,Automobile,,Dealers,,Bike,,Hero,
Products,Automobile,,Dealers,,Bike,,Bajaj,
Products,Automobile,,Dealers,,Bike,,TVS,
Products,Automobile,,Dealers,,Bike,,Suzuki,
Products,Automobile,,Dealers,,Bike,,BMW,
Products,Automobile,,Dealers,,Bike,,Ducati,
Products,Automobile,,Dealers,,Bike,,,
Products,Automobile,,Dealers,,Bike,,,
Products,Automobile,,Dealers,,Bus,,TATA,
Products,Automobile,,Dealers,,Bus,,Force,
Products,Automobile,,Dealers,,Bus,,Bharat Benz,
Products,Automobile,,Dealers,,Trucks,,TATA,
Products,Automobile,,Dealers,,Trucks,,Leyland,
Products,Automobile,,Dealers,,Trucks,,Force,
Products,Automobile,,Dealers,,Tractors ,,,
Products,Automobile,,Dealers,,Bicycles,,,
Products,Automobile,,Dealers,,Bicycles,,,
Products,Automobile,,Used Automobiles,,Cars,,,
Products,Automobile,,Used Automobiles,,Bikes,,,
Products,Automobile,,Used Automobiles,,,,,
Products,Automobile,,Petrol Pumps,,,,,
Products,Health Care and Wellness,,Drugstores,,,,,
Products,Health Care and Wellness,,Optical Shops,,,,,
Products,Health Care and Wellness,,Vitamins and Supplements,,,,,
Products,Health Care and Wellness,,Medical Instruments Shop,,,,,
Products,Hobbies and Interests,,Music Instruments,,,,,
Products,Hobbies and Interests,,Art and Craft Stores,,,,,
Products,Hobbies and Interests,,Book Stores,,,,,
Products,Hobbies and Interests,,Music and Dvds,,,,,
Products,Hobbies and Interests,,Comic Books,,,,,
Products,Sport and Fitness,,Sports Goods,,,,,
Products,Sport and Fitness,,Fitness/ Exercise Equipment,,,,,
Products,Attire and Fashion Accessories,,Women Clothing,,Ethnic/Traditional  Wear,,,
Products,Attire and Fashion Accessories,,Women Clothing,,Western Wear,,,
Products,Attire and Fashion Accessories,,Women Clothing,,Casual Wear,,,
Products,Attire and Fashion Accessories,,Women Clothing,,Formal Wear,,,
Products,Attire and Fashion Accessories,,Women Clothing,,Party Wear,,,
Products,Attire and Fashion Accessories,,Women Clothing,,Sports Wear,,,
Products,Attire and Fashion Accessories,,Women Clothing,,Bridal Wear,,,
Products,Attire and Fashion Accessories,,Women Clothing,,Inner Wear ,,,
Products,Attire and Fashion Accessories,,Women Clothing,,Night wear,,,
Products,Attire and Fashion Accessories,,Women Clothing,,Saree Centers,,,
Products,Attire and Fashion Accessories,,Women Clothing,,,,,
Products,Attire and Fashion Accessories,,Women Clothing,,,,,
Products,Attire and Fashion Accessories,,Gents Clothing,,Casual Wear,,,
Products,Attire and Fashion Accessories,,Gents Clothing,,Formal Wear,,,
Products,Attire and Fashion Accessories,,Gents Clothing,,Party Wear,,,
Products,Attire and Fashion Accessories,,Gents Clothing,,Sports Wear,,,
Products,Attire and Fashion Accessories,,Gents Clothing,,Ethnic /Traditional Wear,,,
Products,Attire and Fashion Accessories,,Gents Clothing,,Inner Wear,,,
Products,Attire and Fashion Accessories,,Gents Clothing,,Night Wear,,,
Products,Attire and Fashion Accessories,,Gents Clothing,,Western wear,,,
Products,Attire and Fashion Accessories,,Gents Clothing,,Turban Shops,,,
Products,Attire and Fashion Accessories,,Gents Clothing,,,,,
Products,Attire and Fashion Accessories,,Footwear,,Men,,,
Products,Attire and Fashion Accessories,,Footwear,,Women,,,
Products,Attire and Fashion Accessories,,Footwear,,kids,,,
Products,Attire and Fashion Accessories,,Accessories,,Bridal Accessories,,,
Products,Attire and Fashion Accessories,,Accessories,,Watches,,,
Products,Attire and Fashion Accessories,,Accessories,,Glasses,,,
Products,Attire and Fashion Accessories,,Accessories,,Bags/Wallets,,,
Products,Attire and Fashion Accessories,,Accessories,,Other Accessories,,,
Products,Attire and Fashion Accessories,,Accessories,,Travel Accessories,,,
Products,Attire and Fashion Accessories,,Accessories,,Jewelry Stores,,,
Products,Real Estate ,,Flats,,,,,
Products,Real Estate ,,Villas/ Bungalows,,,,,
Products,Real Estate ,,Farmhouse,,,,,
Products,Real Estate ,,Plots,,,,,
Products,Real Estate ,,Row Houses,,,,,
Products,Real Estate ,,Commercial Property,,,,,
Products,Real Estate ,,Office Space,,,,,
Products,Grooming and Beauty,,Cosmetics,,,,,
Products,Grooming and Beauty,,Hair Products,,,,,
Products,Grooming and Beauty,,Beauty Products,,,,,
Products,Grooming and Beauty,,Perfumes,,,,,
Products,Grooming and Beauty,,Skin products,,,,,
Products,Pets ,,Pet Veterinary medicine,,,,,
Products,Pets ,,Pet Accessories and Essentials,,,,,
Products,Pets ,,Pet Shops / Sellers,,,,,
Products,Babies and Moms,,Mother/Baby  Care Accessories,,,,,
Products,Babies and Moms,,Baby Apparels,,,,,
Products,Babies and Moms,,Maternity Needs,,,,,
Products,Home Essentials and Construction,,Home Construction,,Construction Material,,,
Products,Home Essentials and Construction,,Home Construction,,Sanitary  Goods,,,
Products,Home Essentials and Construction,,Home Construction,,Glass and Mirror Shops,,,
Products,Home Essentials and Construction,,Home Construction,,Marble and Tiles,,,
Products,Home Essentials and Construction,,Home Construction,,Paint and Polish,,,
Products,Home Essentials and Construction,,Home Construction,,Fences and Gates,,,
Products,Home Essentials and Construction,,Home Construction,,,,,
Products,Home Essentials and Construction,,Home Decor and Furnishing,,Home Decoration,,,
Products,Home Essentials and Construction,,Home Decor and Furnishing,,Handloom and Furnishing,,,
Products,Home Essentials and Construction,,Home Decor and Furnishing,,Hardware Shops,,,
Products,Home Essentials and Construction,,Home Decor and Furnishing,,Electrical Shops,,,
Products,Home Essentials and Construction,,Home Decor and Furnishing,,Bath fittings and Sanitary,,,
Products,Home Essentials and Construction,,Home Decor and Furnishing,,Art and Handicraft,,,
Products,Home Essentials and Construction,,Home Decor and Furnishing,,Lamps and Lightings,,,
Products,Home Essentials and Construction,,Home Decor and Furnishing,,Kitchen Goods and Accessories,,,
Products,Home Essentials and Construction,,Home Decor and Furnishing,,Home Furniture,,,
Products,Home Essentials and Construction,,Home Decor and Furnishing,,Security Systems/Appliances,,,
Products,Home Essentials and Construction,,Home Decor and Furnishing,,,,,
Products,Home Essentials and Construction,,Nurseries and Gardening,,,,,
Products,Festive and Specials,,Kites,,,,,
Products,Festive and Specials,,Fireworks,,,,,
Products,Festive and Specials,,Pooja Consumables,,,,,
Products,Festive and Specials,,Trophies and Awards,,,,,
Products,Festive and Specials,,Gifts and Celebrations,,Gift Shops,,,
Products,Festive and Specials,,Gifts and Celebrations,,Florists,,,
Products,Festive and Specials,,Gifts and Celebrations,,Antiques and Collectibles,,,
Products,Education ,,Academic Book Stores,,,,,
Products,Education ,,Stationaries,,,,,
Products,Education ,,School Uniforms,,,,,
Products,Business To Business,,Construction Materials and Equipment,,,,,
Products,Business To Business,,Importers,,,,,
Products,Business To Business,,Manufacturing and Industrial Supplies,,,,,
Products,Business To Business,,Office Supplies and Equipment,,,,,
Products,Business To Business,,Farm Equipment,,,,,
Products,Business To Business,,Florists Wholesale growers,,,,,
Products,Business To Business,,Hydroponics Equipment,,,,,
Products,Business To Business,,Computer and Electronics,,,,,
Services,Rent Anything,,Costumes,,,,,
Services,,,Electronics,,,,,
Services,,,Bungalows / Farmhouse,,,,,
Services,,,Furniture,,,,,
Services,,,Helicopters,,,,,
Services,,,Jewelry,,,,,
Services,,,Marriage stuff,,,,,
Services,,,PGs,,Men PGs,,,
Services,,,,,Women PGs,,,
Services,,,Towing,,Two Wheeler,,,
Services,,,,,Four Wheeler,,,
Services,,,Banquets,,AC Banquet Halls,,,
Services,,,,,Non AC Banquet Halls,,,
Services,,,,,,,,
Services,,,Sports Grounds ,,Cricket Ground,,,
Services,,,,,Football Ground,,,
Services,,,,,Tennis Court,,,
Services,,,,,Basketball Court,,,
Services,,,Automobile,,Car,,,
Services,,,,,Bike,,,
Services,Health Services ,,Doctor Clinics,,General Physicians ,,,
Services,Health Services ,,Doctor Clinics,,Dermatologists,,,
Services,Health Services ,,Doctor Clinics,,ENT(EAR NOSE THROAT),,,
Services,Health Services ,,Doctor Clinics,,Gynaecologists and Obstetrician,,,
Services,Health Services ,,Doctor Clinics,,Dentist,,,
Services,Health Services ,,Doctor Clinics,,Orthopedist,,,
Services,Health Services ,,Doctor Clinics,,Ophthalmologists,,,
Services,Health Services ,,Doctor Clinics,,Ayurvedic,,,
Services,Health Services ,,Doctor Clinics,,Cardiologists (Heart Doctor),,,
Services,Health Services ,,Doctor Clinics,,Cosmetic Surgeons,,,
Services,Health Services ,,Doctor Clinics,,Diabetologists,,,
Services,Health Services ,,Doctor Clinics,,Endocrinologists ,,,
Services,Health Services ,,Doctor Clinics,,Gastroenterologists,,,
Services,Health Services ,,Doctor Clinics,,Homeopathic,,,
Services,Health Services ,,Doctor Clinics,,Kidney Specialist,,,
Services,Health Services ,,Doctor Clinics,,EYE Doctor,,,
Services,Health Services ,,Doctor Clinics,,Acupuncturist,,,
Services,Health Services ,,Doctor Clinics,,Neurologists,,,
Services,Health Services ,,Doctor Clinics,,Neurosurgeons,,,
Services,Health Services ,,Doctor Clinics,,Orthodontists,,,
Services,Health Services ,,Doctor Clinics,,Pediatrician,,,
Services,Health Services ,,Doctor Clinics,,Physiotherapists,,,
Services,Health Services ,,Doctor Clinics,,Piles Doctor,,,
Services,Health Services ,,Doctor Clinics,,Psychiatrists,,,
Services,Health Services ,,Doctor Clinics,,Psychologist,,,
Services,Health Services ,,Doctor Clinics,,Pulmonologists,,,
Services,Health Services ,,Doctor Clinics,,Sexologist,,,
Services,Health Services ,,Hospitals,,Private Hospitals,,,
Services,Health Services ,,Hospitals,,Public/ Government Hospitals,,,
Services,Health Services ,,Hospitals,,Specialty Hospitals,,,
Services,Health Services ,,Hospitals,,Ayurvedic Hospitals,,,
Services,Health Services ,,Hospitals,,Alternate Therapies,,,
Services,Health Services ,,Hospitals,,Rehabilitation Centers,,Drug Addiction,
Services,Health Services ,,Hospitals,,Rehabilitation Centers,,Psychiatric /Mental health,
Services,Health Services ,,Pathology Laboratories,,,,,
Services,Beauty and Spas,,Piercing,,,,,
Services,Beauty and Spas,,Spas,,,,,
Services,Beauty and Spas,,Salons/Beauty Parlour,,Men Salons,,,
Services,Beauty and Spas,,Salons/Beauty Parlour,,Women Salons,,,
Services,Beauty and Spas,,Salons/Beauty Parlour,,Unisex Salons,,,
Services,Beauty and Spas,,Tattoo Artists,,,,,
Services,Beauty and Spas,,Nail Art/ Salons,,,,,
Services,Beauty and Spas,,Groom Makeup,,,,,
Services,Beauty and Spas,,Manicure,,,,,
Services,Beauty and Spas,,Pedicure,,,,,
Services,Beauty and Spas,,Skin Care,,,,,
Services,Beauty and Spas,,Bridal Makeup,,,,,
Services,Beauty and Spas,,Mehandi ,,,,,
Services,Beauty and Spas,,Massage Centers,,,,,
Services,Hotels and Travel,,Hotels,,1 Star,,,
Services,Hotels and Travel,,Hotels,,2 Star,,,
Services,Hotels and Travel,,Hotels,,3 Star,,,
Services,Hotels and Travel,,Hotels,,4 Star,,,
Services,Hotels and Travel,,Hotels,,5 Star and Above,,,
Services,Hotels and Travel (InterCity),,Car Services,,,,,
Services,Hotels and Travel (InterCity),,Bus Services,,,,,
Services,Hotels and Travel (InterCity),,Tempo Services,,,,,
Services,Hotels and Travel (Out Of City),,Car Services,,,,,
Services,Hotels and Travel (Out Of City),,Bus Services,,,,,
Services,Hotels and Travel (Out Of City),,Tempo Services,,,,,
Services,Hotels and Travel,,Cottages,,,,,
Services,Hotels and Travel,,Resorts,,,,,
Services,Hotels and Travel,,Travel Agents,,,,,
Services,Hotels and Travel,,Passport / Visa Consultancy,,,,,
Services,Hotels and Travel,,Travel Guides,,,,,
Services,Hotels and Travel,,City Tour Services,,,,,
Services,Sports and Fitness,,Fitness Classes / Training Centers,,Archery,,,
Services,Sports and Fitness,,Fitness Classes / Training Centers,,Athletics,,,
Services,Sports and Fitness,,Fitness Classes / Training Centers,,Badminton,,,
Services,Sports and Fitness,,Fitness Classes / Training Centers,,Basketball,,,
Services,Sports and Fitness,,Fitness Classes / Training Centers,,Boxing,,,
Services,Sports and Fitness,,Fitness Classes / Training Centers,,Chess,,,
Services,Sports and Fitness,,Fitness Classes / Training Centers,,Cricket,,,
Services,Sports and Fitness,,Fitness Classes / Training Centers,,Football,,,
Services,Sports and Fitness,,Fitness Classes / Training Centers,,Golf,,,
Services,Sports and Fitness,,Fitness Classes / Training Centers,,Gyms,,,
Services,Sports and Fitness,,Fitness Classes / Training Centers,,Gymnastics,,,
Services,Sports and Fitness,,Fitness Classes / Training Centers,,Hockey,,,
Services,Sports and Fitness,,Fitness Classes / Training Centers,,Horse Riding ,,,
Services,Sports and Fitness,,Fitness Classes / Training Centers,,Karate,,,
Services,Sports and Fitness,,Fitness Classes / Training Centers,,Kick Boxing,,,
Services,Sports and Fitness,,Fitness Classes / Training Centers,,Martial Arts,,,
Services,Sports and Fitness,,Fitness Classes / Training Centers,,Meditation Centers/Classes,,,
Services,Sports and Fitness,,Fitness Classes / Training Centers,,Self defense,,,
Services,Sports and Fitness,,Fitness Classes / Training Centers,,Shooting ,,,
Services,Sports and Fitness,,Fitness Classes / Training Centers,,Skating ,,,
Services,Sports and Fitness,,Fitness Classes / Training Centers,,Squash,,,
Services,Sports and Fitness,,Fitness Classes / Training Centers,,Swimming,,,
Services,Sports and Fitness,,Fitness Classes / Training Centers,,Table Tennis,,,
Services,Sports and Fitness,,Fitness Classes / Training Centers,,Taekwondo,,,
Services,Sports and Fitness,,Fitness Classes / Training Centers,,Tennis,,,
Services,Sports and Fitness,,Fitness Classes / Training Centers,,Volley Ball,,,
Services,Sports and Fitness,,Fitness Classes / Training Centers,,Yoga,,,
Services,Sports and Fitness,,Fitness Classes / Training Centers,,Zumba,,,
Services,Sports and Fitness,,Dietitians / Nutritionist,,,,,
Services,Sports and Fitness,,Sports Clubs,,,,,
Services,Entertainment and City Arts,,Fun Activities,,Water Parks,,,
Services,Entertainment and City Arts,,Fun Activities,,Amusement Parks,,,
Services,Entertainment and City Arts,,Fun Activities,,Adventure Sports,,,
Services,Entertainment and City Arts,,Fun Activities,,Leisure games,,,
Services,Entertainment and City Arts,,Nightlife ,,Dance Clubs,,,
Services,Entertainment and City Arts,,Nightlife ,,Music Venues,,,
Services,Entertainment and City Arts,,Nightlife ,,Bars,,,
Services,Entertainment and City Arts,,Nightlife ,,Pubs,,,
Services,Entertainment and City Arts,,Current Events,,,,,
Services,Entertainment and City Arts,,City Attraction,,Art Museum/Gallery,,,
Services,Entertainment and City Arts,,City Attraction,,Science Museum,,,
Services,Entertainment and City Arts,,City Attraction,,History Museum,,,
Services,Entertainment and City Arts,,City Attraction,,Zoo,,,
Services,Entertainment and City Arts,,City Attraction,,Aquarium,,,
Services,Entertainment and City Arts,,City Attraction,,Forts,,,
Services,Entertainment and City Arts,,City Attraction,,Gardens,,,
Services,Entertainment and City Arts,,Sports Grounds/ Stadiums,,Cricket Stadium,,,
Services,Entertainment and City Arts,,Sports Grounds/ Stadiums,,Football Stadium,,,
Services,Entertainment and City Arts,,Sports Grounds/ Stadiums,,Hockey Stadium,,,
Services,Entertainment and City Arts,,Sports Grounds/ Stadiums,,Tennis Stadium,,,
Services,Entertainment and City Arts,,Clubs,,Music Clubs,,,
Services,Entertainment and City Arts,,Clubs,,Bike Clubs,,,
Services,Entertainment and City Arts,,Clubs,,Hobby Clubs,,,
Services,Entertainment and City Arts,,Clubs,,Sports Clubs,,,
Services,Entertainment and City Arts,,Clubs,,Comedy Clubs,,,
Services,Entertainment and City Arts,,Clubs,,Drama and Theatre Clubs,,,
Services,Entertainment and City Arts,,Malls,,,,,
Services,Entertainment and City Arts,,Movie and Cinema,,,,,
Services,Food and Dining,,Desserts and Beverages,,Coffee Shops,,,
Services,Food and Dining,,Desserts and Beverages,,Tea Rooms,,,
Services,Food and Dining,,Desserts and Beverages,,Candy Stores,,,
Services,Food and Dining,,Desserts and Beverages,,Chocolate Stores,,,
Services,Food and Dining,,Desserts and Beverages,,Ice Cream Shops,,,
Services,Food and Dining,,Desserts and Beverages,,Frozen Yogurt,,,
Services,Food and Dining,,Desserts and Beverages,,Donut Centers,,,
Services,Food and Dining,,Desserts and Beverages,,Juice Centre and Smoothies,,,
Services,Food and Dining,,Desserts and Beverages,,Wineries/Breweries,,,
Services,Food and Dining,,Desserts and Beverages,,Bakery Shops,,,
Services,Food and Dining,,Desserts and Beverages,,Sweet Shops,,,
Services,Food and Dining,,"Fast Food ,Cafes and Snacks",,Chinese,,,
Services,Food and Dining,,"Fast Food ,Cafes and Snacks",,Continental,,,
Services,Food and Dining,,"Fast Food ,Cafes and Snacks",,Local flavor,,,
Services,Food and Dining,,"Fast Food ,Cafes and Snacks",,Local flavor,,,
Services,Food and Dining,,Street Food,,,,,
Services,Food and Dining,,Tiffin Service,,,,,
Services,Food and Dining,,Restaurant,,Pure Veg Restaurant,,,
Services,Food and Dining,,Restaurant,,Afgani Restaurant,,,
Services,Food and Dining,,Restaurant,,African Restaurant,,,
Services,Food and Dining,,Restaurant,,American Restaurant,,,
Services,Food and Dining,,Restaurant,,Andhra Restaurant,,,
Services,Food and Dining,,Restaurant,,Arabian Restaurant,,,
Services,Food and Dining,,Restaurant,,Asian Restaurant,,,
Services,Food and Dining,,Restaurant,,Asamese Restaurant,,,
Services,Food and Dining,,Restaurant,,Awadhi Restaurant,,,
Services,Food and Dining,,Restaurant,,Bengali Restaurant,,,
Services,Food and Dining,,Restaurant,,British Restaurant,,,
Services,Food and Dining,,Restaurant,,Burmese Restaurant,,,
Services,Food and Dining,,Restaurant,,Chettinad Restaurant,,,
Services,Food and Dining,,Restaurant,,Chinese Restaurant,,,
Services,Food and Dining,,Restaurant,,Continental Restaurant,,,
Services,Food and Dining,,Restaurant,,European Restaurant,,,
Services,Food and Dining,,Restaurant,,French Restaurant,,,
Services,Food and Dining,,Restaurant,,German Restaurant,,,
Services,Food and Dining,,Restaurant,,Goan Restaurant,,,
Services,Food and Dining,,Restaurant,,Greek Restaurant,,,
Services,Food and Dining,,Restaurant,,Gujarati Restaurant,,,
Services,Food and Dining,,Restaurant,,Hydrabadi Restaurant,,,
Services,Food and Dining,,Restaurant,,Indian Restaurant,,,
Services,Food and Dining,,Restaurant,,Indonesian Restaurant,,,
Services,Food and Dining,,Restaurant,,Iraninan Restaurant,,,
Services,Food and Dining,,Restaurant,,Irish Restaurant,,,
Services,Food and Dining,,Restaurant,,Italian Restaurant,,,
Services,Food and Dining,,Restaurant,,Japanese Restaurant,,,
Services,Food and Dining,,Restaurant,,Kashmiri Restaurant,,,
Services,Food and Dining,,Restaurant,,Kerala Restaurant,,,
Services,Food and Dining,,Restaurant,,Konkan  Restaurant,,,
Services,Food and Dining,,Restaurant,,Korean Restaurant,,,
Services,Food and Dining,,Restaurant,,Lebanese Restaurant,,,
Services,Food and Dining,,Restaurant,,Lucknowi Restaurant,,,
Services,Food and Dining,,Restaurant,,Maharashtrian Restaurant,,,
Services,Food and Dining,,Restaurant,,Malaysian Restaurant,,,
Services,Food and Dining,,Restaurant,,Malwani Restaurant,,,
Services,Food and Dining,,Restaurant,,Mangalorean Restaurant,,,
Services,Food and Dining,,Restaurant,,Mediterranean Restaurant,,,
Services,Food and Dining,,Restaurant,,Mexican Restaurant,,,
Services,Food and Dining,,Restaurant,,Middle Eastern Restaurant,,,
Services,Food and Dining,,Restaurant,,Moroccan Restaurant,,,
Services,Food and Dining,,Restaurant,,Mughlai Restaurant,,,
Services,Food and Dining,,Restaurant,,Naga Restaurant,,,
Services,Food and Dining,,Restaurant,,North Indian Restaurant,,,
Services,Food and Dining,,Restaurant,,Parsi Restaurant,,,
Services,Food and Dining,,Restaurant,,Punjabi Restaurant,,,
Services,Food and Dining,,Restaurant,,Rajasthani Restaurant,,,
Services,Food and Dining,,Restaurant,,Sindhi Restaurant,,,
Services,Food and Dining,,Restaurant,,South Indian Restaurant,,,
Services,Food and Dining,,Restaurant,,Spanish Restaurant,,,
Services,Food and Dining,,Restaurant,,Steak House Restaurant,,,
Services,Food and Dining,,Restaurant,,Thai Restaurant,,,
Services,Food and Dining,,Restaurant,,Tibetian Restaurant,,,
Services,Food and Dining,,Restaurant,,Turkish Restaurant,,,
Services,Food and Dining,,Restaurant,,Vietnamese Restaurant,,,
Services,Emergency,,Hospitals,,,,,
Services,Emergency,,24 Hour Chemists,,,,,
Services,Emergency,,Blood Banks,,,,,
Services,Emergency,,Duplicate Key Makers,,,,,
Services,Emergency,,Doctors,,,,,
Services,Emergency,,Fire Brigade,,,,,
Services,Emergency,,LPG gas leakage Complaint,,,,,
Services,Emergency,,Police,,,,,
Services,Emergency,,Towing Service,,,,,
Services,Emergency,,Snake Catcher,,,,,
Services,Emergency,,Ambulance Service,,,,,
Services,Pets,,Pet grooming,,,,,
Services,Pets,,Veterinarians,,,,,
Services,Pets,,Pet Trainers,,,,,
Services,Pets,,Pet Care Takers,,,,,
Services,Event Planning and Services,,Photography Services,,,,,
Services,Event Planning and Services,,Videography Services,,,,,
Services,Event Planning and Services,,Choreography Services,,,,,
Services,Event Planning and Services,,Event Organizing Services,,,,,
Services,Event Planning and Services,,Disc Jockey Services,,,,,
Services,Event Planning and Services,,Catering Services,,,,,
Services,Event Planning and Services,,Bartending Services,,,,,
Services,Event Planning and Services,,Wedding Planning Services,,,,,
Services,Event Planning and Services,,Musicians,,,,,
Services,Event Planning and Services,,Party Supplies,,,,,
Services,Event Planning and Services,,Event Anchoring and Hosting Services,,,,,
Services,Home Services,,Electrical Repair/Service,,TV Repair/Service,,,
Services,Home Services,,Electrical Repair/Service,,Washing Machine Repair/Service,,,
Services,Home Services,,Electrical Repair/Service,,Air Conditioner Repair/Service,,,
Services,Home Services,,Electrical Repair/Service,,Refrigerator Repair/Service,,,
Services,Home Services,,Electrical Repair/Service,,Microwave Repair/Service,,,
Services,Home Services,,Electrical Repair/Service,,General Household Repair/Service,,,
Services,Home Services,,Electrical Repair/Service,,Computer and Laptops Repair/Service,,,
Services,Home Services,,Electrical Repair/Service,,Mobile and Tabs Repair/Service,,,
Services,Home Services,,Electrical Repair/Service,,Cameras Repair/Service,,,
Services,Home Services,,Electrical Repair/Service,,"TV, Audio and Video Repair/Service",,,
Services,Home Services,,Pest Control,,Bed Bugs,,,
Services,Home Services,,Pest Control,,Lizards,,,
Services,Home Services,,Pest Control,,Flies,,,
Services,Home Services,,Pest Control,,Cockroach,,,
Services,Home Services,,Pest Control,,Rats,,,
Services,Home Services,,Pest Control,,Insects,,,
Services,Home Services,,Maintenance and Repairs,,Plumbers,,,
Services,Home Services,,Maintenance and Repairs,,Electricians,,,
Services,Home Services,,Maintenance and Repairs,,Carpenters,,,
Services,Home Services,,Maintenance and Repairs,,Dry Cleaners,,,
Services,Home Services,,Maintenance and Repairs,,Laundry Service,,,
Services,Home Services,,Maintenance and Repairs,,Painting Contractors,,,
Services,Home Services,,Maintenance and Repairs,,Duplicate Key Makers,,,
Services,Home Services,,Maintenance and Repairs,,Cobblers,,,
Services,Home Services,,Maintenance and Repairs,,Cable TV Operators,,,
Services,Home Services,,Maintenance and Repairs,,Alteration and Tailoring,,,
Services,Home Services,,Real Estate Agents,,,,,
Services,Home Services,,Movers and Packers (E Logistics),,Domestic Movers and Packers,,,
Services,Home Services,,Movers and Packers (E Logistics),,International Movers and Packers,,,
Services,Home Services,,Movers and Packers (E Logistics),,Cargo Carriers,,,
Services,Home Services,,Movers and Packers (E Logistics),,Railway Transport Services,,,
Services,Home Services,,Movers and Packers (E Logistics),,Storage Services,,,
Services,Home Services,,Astrology,,,,,
Services,Home Services,,Vastu Consultation Services,,,,,
Services,Home Services,,Boutiques,,Men Boutique,,,
Services,Home Services,,Boutiques,,Ladies Boutique,,,
Services,Home Services,,Boutiques,,,,,
Services,Home Services,,Courier Services,,Domestic Courier Services,,,
Services,Home Services,,Courier Services,,International Courier Services,,,
Services,Home Services,,Gas Agencies,,,,,
Services,Local and Professional Services,,Cyber cafes,,,,,
Services,Local and Professional Services,,Mobile Telecommunication Services,,,,,
Services,Local and Professional Services,,Hobby Classes,,Acting Classes,,,
Services,Local and Professional Services,,Hobby Classes,,Dance Classes,,,
Services,Local and Professional Services,,Hobby Classes,,Music Classes,,,
Services,Local and Professional Services,,Hobby Classes,,Singing Classes,,,
Services,Local and Professional Services,,Hobby Classes,,Modeling Classes,,,
Services,Local and Professional Services,,Hobby Classes,,Musical Instrument Learning,,,
Services,Local and Professional Services,,Media ,,Recording and Rehearsal Studios,,,
Services,Local and Professional Services,,Media ,,Video/ Film Production,,,
Services,Local and Professional Services,,Media ,,Music Production Services,,,
Services,Local and Professional Services,,Media ,,Modeling Agencies,,,
Services,Local and Professional Services,,Media ,,Talent Agencies,,,
Services,Local and Professional Services,,Internet Service Providers,,,,,
Services,Auto Related Services,,Washing Centers,,,,,
Services,Auto Related Services,,Auto Repair / Service,,Car,,Wheel Alignment and Balance,
Services,Auto Related Services,,Auto Repair / Service,,Car,,Car Service and Repair stations,
Services,Auto Related Services,,Auto Repair / Service,,Car,,Car Shocker Repair,
Services,Auto Related Services,,Auto Repair / Service,,Car,,Car Electrical Repair,
Services,Auto Related Services,,Auto Repair / Service,,Car,,Denting and Painting Shops,
Services,Auto Related Services,,Auto Repair / Service,,,,,
Services,Auto Related Services,,Auto Repair / Service,,Bike ,,Bike Service and Repair Stations,
Services,Auto Related Services,,Auto Repair / Service,,Bike ,,Bike Shocker Repair,
Services,Auto Related Services,,Auto Repair / Service,,Bike ,,Bike Electrical repair,
Services,Auto Related Services,,Auto Repair / Service,,,,,
Services,Auto Related Services,,Auto Repair / Service,,Bus/Trucks ,,Alternator Repair,
Services,Auto Related Services,,Auto Repair / Service,,Bus/Trucks ,,Body Shops,
Services,Auto Related Services,,Auto Repair / Service,,Bus/Trucks ,,Repair and Service shop,
Services,Auto Related Services,,Auto Repair / Service,,Bus/Trucks ,,Engine Repair,
Services,Auto Related Services,,Auto Repair / Service,,Bus/Trucks ,,Wheel Alignment and Service,
Services,Auto Related Services,,Auto Repair / Service,,Bus/Trucks ,,Auto Pump Repair Shops,
Services,Auto Related Services,,Auto Repair / Service,,Bus/Trucks ,,Electrical Repair,
Services,Auto Related Services,,Auto Customization,,,,,
Services,Auto Related Services,,Driving Schools,,,,,
Services,Education,,"Schools, Colleges and Universities",,Diploma,,,
Services,Education,,"Schools, Colleges and Universities",,Under Graduate,,,
Services,Education,,"Schools, Colleges and Universities",,Post Graduate,,,
Services,Education,,"Schools, Colleges and Universities",,High Schools,,,
Services,Education,,"Schools, Colleges and Universities",,Senior Secondary Schools/ Colleges,,,
Services,Education,,"Schools, Colleges and Universities",,Pre Schools,,,
Services,Education,,"Schools, Colleges and Universities",,Kindergarten,,,
Services,Education,,Tutoring ,,Class I -VIII Tuitions,,,
Services,Education,,Tutoring ,,Class IX -X Tuitions,,,
Services,Education,,Tutoring ,,Higher Secondary Tuitions,,,
Services,Education,,Training Courses,,Big Data and Hadoop,,,
Services,Education,,Training Courses,,Programming Languages,,,
Services,Education,,Training Courses,,Database Designing and Development,,,
Services,Education,,Training Courses,,Software Design and Testing,,,
Services,Education,,Training Courses,,"Hardware, Network and Security",,,
Services,Education,,Training Courses,,Web Development,,,
Services,Education,,Training Courses,,Graphics and Animation,,,
Services,Education,,Training Courses,,Mobile Application ,,,
Services,Education,,Training Courses,,Basic Computer Fundamentals,,,
Services,Education,,Training Courses,,Cloud Computing,,,
Services,Education,,Training Courses,,Foreign Language,,,
Services,Education,,Training Courses,,Abacus Classes,,,
Services,Education,,Entrance Coaching,,Management Entrance,,XAT ,
Services,Education,,Entrance Coaching,,Management Entrance,,MAT,
Services,Education,,Entrance Coaching,,Management Entrance,,NMAT,
Services,Education,,Entrance Coaching,,Management Entrance,,CAT ,
Services,Education,,Entrance Coaching,,Management Entrance,,SNAP,
Services,Education,,Entrance Coaching,,Management Entrance,,GMAT,
Services,Education,,Entrance Coaching,,Engineering Entrance,,IIT,
Services,Education,,Entrance Coaching,,Engineering Entrance,,JEE,
Services,Education,,Entrance Coaching,,Engineering Entrance,,AIEEE,
Services,Education,,Entrance Coaching,,Engineering Entrance,,BITSAT,
Services,Education,,Entrance Coaching,,Engineering Entrance,,GRE,
Services,Education,,Entrance Coaching,,Medical Entrance,,AIPMT,
Services,Education,,Entrance Coaching,,Medical Entrance,,AIIMS,
Services,Education,,Entrance Coaching,,Medical Entrance,,AFMC,
Services,Education,,Entrance Coaching,,Medical Entrance,,NEET,
Services,Education,,Entrance Coaching,,Medical Entrance,,MT-CET,
Services,Education,,Entrance Coaching,,IAS and Civil Services Entrance,,UPSC,
Services,Education,,Entrance Coaching,,IAS and Civil Services Entrance,,SSC,
Services,Education,,Entrance Coaching,,IAS and Civil Services Entrance,,IAS,
Services,Education,,Entrance Coaching,,Business Entrance,,CFA (Part 1),
Services,Education,,Entrance Coaching,,Business Entrance,,FRM(Part1),
Services,Education,,Entrance Coaching,,Business Entrance,,FRM(Part2),
Services,Education,,Entrance Coaching,,Business Entrance,,Bank PO,
Services,Education,,Entrance Coaching,,Business Entrance,,Bank Clerk,
Services,Education,,Entrance Coaching,,Law Entrance,,IALM,
Services,Education,,Entrance Coaching,,Overseas Entrance,,IELTS/TOEFL Training,
Services,Community and Public services,,Postal Offices,,,,,
Services,Community and Public services,,Religion and Spirituality,,Temples,,,
Services,Community and Public services,,Religion and Spirituality,,Church,,,
Services,Community and Public services,,Religion and Spirituality,,Mosques,,,
Services,Community and Public services,,Religion and Spirituality,,Gurudwaras,,,
Services,Community and Public services,,Immigration Services,,,,,
Services,Community and Public services,,Police Stations,,,,,
Services,Community and Public services,,Community Centers,,,,,
Services,Community and Public services,,Courts of Law,,,,,
Services,Community and Public services,,Libraries,,,,,
Services,Community and Public services,,Social Services,,,,,
Services,Community and Public services,,Meditation and Spirituality,,,,,
Services,Legal and Financial ,,Insurance,,Agriculture Insurance,,,
Services,Legal and Financial ,,Insurance,,Health insurance,,,
Services,Legal and Financial ,,Insurance,,Life Insurance,,,
Services,Legal and Financial ,,Insurance,,Auto Insurance,,,
Services,Legal and Financial ,,Insurance,,Home and Rental Insurance,,,
Services,Legal and Financial ,,Currency Exchange Services,,,,,
Services,Legal and Financial ,,Notary,,,,,
Services,Legal and Financial ,,Banks ,,,,,
Services,Legal and Financial ,,Credit Unions,,,,,
Services,Legal and Financial ,,Law Firms,,,,,
Services,Legal and Financial ,,Lawyers,,Bankruptcy Law,,,
Services,Legal and Financial ,,Lawyers,,Corporate Law/ Business Law,,,
Services,Legal and Financial ,,Lawyers,,Civil Rights Law,,,
Services,Legal and Financial ,,Lawyers,,Criminal Defense Law,,,
Services,Legal and Financial ,,Lawyers,,DUI- Dwi Law,,,
Services,Legal and Financial ,,Lawyers,,Employment Law (Employment Rights),,,
Services,Legal and Financial ,,Lawyers,,Environmental Law,,,
Services,Legal and Financial ,,Lawyers,,Family and Divorce Law,,,
Services,Legal and Financial ,,Lawyers,,Government Law,,,
Services,Legal and Financial ,,Lawyers,,Immigration Law,,,
Services,Legal and Financial ,,Lawyers,,Military Law,,,
Services,Legal and Financial ,,Lawyers,,Personal Injury Law,,,
Services,Legal and Financial ,,Lawyers,,Real Estate Law ,,,
Services,Legal and Financial ,,Lawyers,,Public Interest Law,,,
Services,Legal and Financial ,,Lawyers,,Toxic tort Law,,,
Services,Legal and Financial ,,Lawyers,,Trial Law,,,
Services,Legal and Financial ,,Consultants,,Company Registration,,,
Services,Legal and Financial ,,Consultants,,Accountants,,,
Services,Legal and Financial ,,Consultants,,Tax Consultant ,,,
Services,Legal and Financial ,,Consultants,,Financial Advisers,,,
Services,Legal and Financial ,,Consultants,,Property Consultant,,,
Services,Business to Business Services,,Software Solutions and IT,,Website Designers,,,
Services,Business to Business Services,,Software Solutions and IT,,Website Developers,,,
Services,Business to Business Services,,Software Solutions and IT,,Application Designers,,,
Services,Business to Business Services,,Software Solutions and IT,,Application Developers,,,
Services,Business to Business Services,,Advertising Agencies,,,,,
Services,Business to Business Services,,Startup Advisory Firms,,,,,
Services,Business to Business Services,,Employment Consulting Firms,,,,,
Services,Business to Business Services,,Corporate Trainings and Education,,,,,
Services,Business to Business Services,,Printing and Publishing,,Book printers,,,
Services,Business to Business Services,,Printing and Publishing,,Printing Services,,,
Services,Business to Business Services,,Printing and Publishing,,T Shirt Printing,,,
Services,Business to Business Services,,Printing and Publishing,,Accessory Printers,,,
Services,Business to Business Services,,Energy Mining,,,,,
Services,Business to Business Services,,Communication And Media,,,,,
Services,Business to Business Services,,Food and Agriculture,,Farm Services,,,
Services,Business to Business Services,,Food and Agriculture,,Feed Dealers,,,
Services,Business to Business Services,,Food and Agriculture,,Food and Beverage Vendors,,,
Services,Business to Business Services,,Food and Agriculture,,Hydroponics Supplies,,,
Services,Business to Business Services,,Food and Agriculture,,Livestock,,,
Services,Business to Business Services,,Food and Agriculture,,Nurseries and Growers,,,
Services,Business to Business Services,,Food and Agriculture,,Poultry farms and Services,,,
Services,Business to Business Services,,Food and Agriculture,,Spraying Horticultural,,,
Services,Business to Business Services,,Food and Agriculture,,Vineyards,,,
Services,Business to Business Services,,Government and Law ,,,,,
Services,Business to Business Services,,Security Services,,,,,
